{
    "title": "Case",
    "id": "/profiles/case.json",
    "$schema": "http://json-schema.org/draft-04/schema#",
    "type": "object",
    "required": ["title", "project", "institution"],
    "identifyingProperties": ["uuid"],
    "additionalProperties": true,
    "mixinProperties": [
        { "$ref": "mixins.json#/schema_version" },
        { "$ref": "mixins.json#/uuid" },
        { "$ref": "mixins.json#/submitted" },
        { "$ref": "mixins.json#/modified" },
        { "$ref": "mixins.json#/attribution" }
    ],
    "properties": {
        "title": {
            "title": "Title",
            "description": "Identifying for this case",
            "type": "string"
        },
        "individuals": {
            "title": "Individuals in Case",
            "description": "All individuals within scope of case",
            "type": "array",
            "items": {
                "title": "Individual",
                "type": "string",
                "linkTo": "Individual"
            }
        }
    }
}
