{
    "title": "Individual",
    "id": "/profiles/individual.json",
    "$schema": "http://json-schema.org/draft-04/schema#",
    "type": "object",
    "required": ["first_name", "last_name"],
    "identifyingProperties": ["uuid"],
    "additionalProperties": true,
    "mixinProperties": [
        { "$ref": "mixins.json#/schema_version" },
        { "$ref": "mixins.json#/uuid" },
        { "$ref": "mixins.json#/submitted" },
        { "$ref": "mixins.json#/modified" },
        { "$ref": "mixins.json#/attribution" }
    ],
    "properties": {
        "related_individuals": {
            "title": "Related Individuals",
            "type": "array",
            "uniqueItems": true,
            "items": {
                "title": "Related Individual",
                "type": "object",
                "properties": {
                    "related_individual": {
                        "title": "Individual",
                        "type": "string",
                        "linkTo": "Individual"
                    },
                    "relationship_type": {
                        "title": "Relationship Type",
                        "type": "string"
                    }
                }
            }
        },
        "is_proband": {
            "title": "Is Proband",
            "type": "boolean"
        },
        "gender": {
            "title": "Gender",
            "type": "string"
        },
        "first_name": {
            "title": "First name",
            "description": "The user's first (given) name.",
            "type": "string"
        },
        "last_name": {
            "title": "Last name",
            "description": "The user's last (family) name.",
            "type": "string"
        }
    }
}
