{
    "title": "Institution",
    "id": "/profiles/institution.json",
    "$schema": "http://json-schema.org/draft-04/schema#",
    "type": "object",
    "required": ["name", "title"],
    "identifyingProperties": ["name", "uuid", "title"],
    "additionalProperties": true,
    "mixinProperties": [
        { "$ref": "mixins.json#/schema_version" },
        { "$ref": "mixins.json#/uuid" },
        { "$ref": "mixins.json#/submitted" },
        { "$ref": "mixins.json#/modified" },
        { "$ref": "mixins.json#/static_embeds" }
    ],
    "properties": {
        "schema_version": {
            "default": "1"
        },
        "status": {
            "title": "Status",
            "type": "string",
            "default": "current",
            "permission": "import_items",
            "enum": [
                "current",
                "revoked",
                "deleted",
                "inactive"
            ]
        },
        "name": {
            "title": "Name",
            "description": "A unique name for the institution.",
            "type": "string",
            "uniqueKey": "institution:name",
            "permission": "import_items"
        },
        "title": {
            "title": "Title",
            "description": "A unique title for the instituion.",
            "type": "string",
            "uniqueKey": "institution:name",
            "permission": "import_items"
        },
        "pi": {
            "title": "P.I.",
            "description": "Principle Investigator of the institution.",
            "type": "string",
            "linkTo": "User"
        },
        "contact_persons" : {
            "title" : "Institution Contacts",
            "description": "Users designated as points of contact for this institution.",
            "type" : "array",
            "uniqueItems": true,
            "items" : {
                "title" : "Institution Contact",
                "description": "A User associated with the institution who is also a point of contact.",
                "type" : "string",
                "linkTo" : "User"
            }
        },
        "address1": {
            "title": "Address line 1",
            "type": "string"
        },
        "address2": {
            "title": "Address line 2",
            "type": "string"
        },
        "city": {
            "title": "City",
            "type": "string"
        },
        "state": {
            "title": "State/Province/Region",
            "type": "string"
        },
        "country": {
            "title": "Country",
            "type": "string"
        },
        "postal_code": {
            "title": "ZIP/Postal code",
            "type": "string",
            "format": "postal-code"
        },
        "fax": {
            "title": "Fax number",
            "description":"A fax number for the lab (with country code).",
            "type": "string",
            "format": "phone"
        },
        "phone1": {
            "title": "Primary phone number",
            "description": "Primary phone number (with country code).",
            "type": "string",
            "format": "phone"
        },
        "phone2": {
            "title": "Alternate phone number",
            "description": "Alternative phone number (with country code).",
            "type": "string",
            "format": "phone"
        },
        "url": {
            "title": "Website URL",
            "description": "An external resource with additional information about the instiution.",
            "type": "string",
            "format": "uri"
        }
    },
    "columns": {
        "pi" : {
            "title" : "P.I."
        },
        "state" : {
            "title" : "State"
        },
        "country" : {
            "title" : "Country"
        }
    },
    "excludedColumns" : ["institution.display_title"]
}
