{
    "title": "Mixin properties",
    "schema_version": {
        "schema_version": {
            "title": "Schema Version",
            "internal_comment":  "Do not submit, value is assigned by the server. The version of the JSON schema that the server uses to validate the object. Schema version indicates generation of schema used to save version to to enable upgrade steps to work. Individual schemas should set the default.",
            "type": "string",
            "exclude_from": ["submit4dn", "FFedit-create"],
            "pattern": "^\\d+(\\.\\d+)*$",
            "requestMethod": []
        }
    },
    "uuid": {
        "uuid": {
            "title": "UUID",
            "type": "string",
            "format": "uuid",
            "exclude_from": ["submit4dn", "FFedit-create"],
            "serverDefault": "uuid4",
            "permission": "import_items",
            "requestMethod": "POST"
        }
    },
    "accession": {
        "accession": {
            "title": "Accession",
            "description": "A unique identifier to be used to reference the object.",
            "internal_comment": "Only admins are allowed to set or update this value.",
            "exclude_from": ["submit4dn", "FFedit-create"],
            "type": "string",
            "format": "accession",
            "permission": "import_items",
            "serverDefault": "accession"
        },
        "alternate_accessions": {
            "title": "Alternate Accessions",
            "description": "Accessions previously assigned to objects that have been merged with this object.",
            "type": "array",
            "lookup": 1000,
            "internal_comment":"Only admins are allowed to set or update this value.",
            "exclude_from": ["submit4dn"],
            "items": {
                "title": "Alternate Accession",
                "description": "An accession previously assigned to an object that has been merged with this object.",
                "type": "string",
                "permission": "import_items",
                "format": "accession"
            }
        }
    },
    "aliases": {
        "aliases": {
            "title": "Aliases",
            "description": "Lab specific ID (e.g. dcic_lab:my_biosample1).",
            "type": "array",
            "comment": "Colon separated lab name and lab identifier, no slash. (e.g. dcic-lab:42).",
            "lookup": 1,
            "uniqueItems": true,
            "ff_flag": "clear clone",
            "items": {
                "uniqueKey": "alias",
                "title": "Lab alias",
                "description": "Lab specific ID (e.g. dcic_lab:my_biosample1).",
                "type":  "string",
                "pattern": "^[^\\s\\\\\\/]+:[^\\s\\\\\\/]+$"
            }
        }
    },
    "status": {
        "status": {
            "title": "Status",
            "exclude_from": ["submit4dn"],
            "type": "string",
            "default": "in review by lab",
            "permission": "import_items",
            "enum": [
                "released",
                "current",
                "revoked",
                "deleted",
                "obsolete",
                "replaced"
            ]
        }
    },
    "submitted": {
        "date_created": {
            "rdfs:subPropertyOf": "dc:created",
            "title": "Date Created",
            "lookup": 1000,
            "exclude_from": ["submit4dn", "FFedit-create"],
            "type": "string",
            "anyOf": [
                {"format": "date-time"},
                {"format": "date"}
            ],
            "serverDefault": "now",
            "permission": "import_items"
        },
        "submitted_by": {
            "rdfs:subPropertyOf": "dc:creator",
            "title": "Submitted By",
            "exclude_from": ["submit4dn", "FFedit-create"],
            "type": "string",
            "linkTo": "User",
            "lookup": 1000,
            "serverDefault": "userid",
            "permission": "import_items"
        }
    },
    "modified": {
        "last_modified": {
            "title": "Last Modified",
            "exclude_from": ["submit4dn", "FFedit-create"],
            "type": "object",
            "additionalProperties": false,
            "lookup": 1000,
            "properties": {
                "date_modified": {
                    "title": "Date modified",
                    "description": "Do not submit, value is assigned by the server. The date the object is modified.",
                    "type": "string",
                    "anyOf": [
                        {"format": "date-time"},
                        {"format": "date"}
                    ],
                    "permission": "import_items"
                },
                "modified_by": {
                    "title": "Modified by",
                    "description": "Do not submit, value is assigned by the server. The user that modfied the object.",
                    "type": "string",
                    "linkTo": "User",
                    "permission": "import_items"
                }
            }
        }
    },
    "attribution": {
        "institution": {
            "title": "Institution",
             "description": "Institution associated with the submission.",
             "exclude_from": ["submit4dn", "FFedit-create"],
             "type": "string",
             "linkTo": "Institution",
             "linkSubmitsFor": true
        },
        "project": {
            "title": "Project",
            "description": "Project associated with the submission.",
            "exclude_from": ["submit4dn", "FFedit-create"],
            "type": "string",
            "linkTo": "Project"
        }
    },
    "notes": {
        "notes": {
            "title": "Notes",
            "description": "DCIC internal notes.",
            "type": "string",
            "exclude_from": ["submit4dn", "FFedit-create"],
            "elasticsearch_mapping_index_type": {
                "title": "Field mapping index type",
                "description": "Defines one of three types of indexing available",
                "type": "string",
                "default": "analyzed",
                "enum": [
                    "analyzed",
                    "not_analyzed",
                    "no"
                ]
            }
        }
    },
    "documents": {
      "documents": {
          "title": "Documents",
          "description": "Documents that provide additional information (not data file).",
          "comment": "See Documents sheet or collection for existing items.",
          "type": "array",
          "uniqueItems": true,
          "items": {
              "title": "Document",
              "description": "A document that provides additional information (not data file).",
              "type": "string",
              "linkTo": "Document"
          }
      }
    },
    "attachment": {
        "attachment": {
            "title": "Attached File",
            "description" : "File attached to this Item.",
            "type": "object",
            "lookup": 1,
            "additionalProperties": false,
            "formInput": "file",
            "attachment": true,
            "ff_flag": "clear clone",
            "properties": {
                "download": {
                    "title": "File Name",
                    "description" : "File Name of the attachment.",
                    "type": "string"
                },
                "href": {
                    "internal_comment": "Internal webapp URL for document file",
                    "title" : "href",
                    "description" : "Path to download the file attached to this Item.",
                    "type": "string"
                },
                "type": {
                    "title": "Media Type",
                    "type": "string",
                    "enum": [
                        "application/msword",
                        "application/vnd.ms-excel",
                        "application/vnd.openxmlformats-officedocument.spreadsheetml.sheet",
                        "application/pdf",
                        "application/zip",
                        "text/plain",
                        "text/tab-separated-values",
                        "image/jpeg",
                        "image/tiff",
                        "image/gif",
                        "text/html",
                        "image/png",
                        "image/svs",
                        "text/autosql"
                    ]
                },
                "md5sum": {
                    "title": "MD5 Checksum",
                    "description" : "Use this to ensure that your file was downloaded without errors or corruption.",
                    "type": "string",
                    "format": "md5sum"
                },
                "size": {
                    "title": "File size",
                    "description" : "Size of the file on disk",
                    "type": "integer"
                },
                "width": {
                    "title": "Image width",
                    "description" : "Width of the image attached, in pixels.",
                    "type": "integer"
                },
                "height": {
                    "title": "Image height",
                    "description" : "Height of the image attached, in pixels.",
                    "type": "integer"
                },
                "blob_id":{
                    "title": "Blob ID",
                    "type": "string",
                    "internal_comment": "blob storage ID. Use to like with s3/rds"
                }
            }
        }
    },
    "tags": {
        "tags": {
            "title": "Tags",
            "description": "Key words that can tag an item - useful for filtering.",
            "type": "array",
            "lookup": 1000,
            "uniqueItems": true,
            "exclude_from" : ["submit4dn"],
            "ff_flag": "clear clone",
            "items": {
                "title": "Tag",
                "description": "A tag for the item.",
                "type":  "string"
            }
        }
    },
    "static_embeds": {
        "static_headers": {
            "title": "Static Headers",
            "description": "Array of linkTos for static sections to be displayed at the top of an item page",
            "type": "array",
            "uniqueItems": true,
            "permission": "import_items",
            "exclude_from" : ["submit4dn"],
            "items": {
                "title": "Static Header",
                "description": "Static section displayed at the top of an item page",
                "type": "string",
                "linkTo": "UserContent"
            }
        },
        "static_content": {
            "title": "Static Content",
            "description": "Array of objects containing linkTo UserContent and 'position' to be placed on Item view(s).",
            "type": "array",
            "uniqueItems": true,
            "permission": "import_items",
            "exclude_from" : ["submit4dn"],
            "items": {
                "title" : "Static Content Definition",
                "description" : "Link to UserContent Item plus location.",
                "type" : "object",
                "required" : ["location", "content"],
                "properties" : {
                    "content" : {
                        "type" : "string",
                        "linkTo": "UserContent",
                        "title" : "Link to Content",
                        "description" : "A UserContent Item."
                    },
                    "location" : {
                        "type" : "string",
                        "title" : "Location of Content",
                        "description" : "Where this content should be displayed. Item schemas could potentially define an enum to contrain values.",
                        "default" : "header"
                    },
                    "description" : {
                        "type" : "string",
                        "title" : "Description",
                        "description" : "Description or note about this content. Might be displayed as a footnote or caption, if applicable for view."
                    }
                }
            }
        }
    },
    "facets_common" : {
        "project.display_title": {
            "title": "Project"
        },
        "institution.display_title": {
            "title": "Institution"
        }
    }
}
