{
    "title": "Page",
    "id": "/profiles/page.json",
    "$schema": "http://json-schema.org/draft-04/schema#",
    "required": ["name"],
    "additionalProperties": true,
    "identifyingProperties": ["uuid", "aliases"],
    "mixinProperties": [
        { "$ref": "mixins.json#/schema_version" },
        { "$ref": "mixins.json#/uuid" },
        { "$ref": "mixins.json#/submitted" },
        { "$ref": "mixins.json#/modified" },
        { "$ref": "mixins.json#/aliases" }
    ],
    "type": "object",
    "properties": {
        "schema_version": {
            "default": "3"
        },
        "status": {
            "title": "Status",
            "type": "string",
            "default": "released",
            "enum" : [
                "released",
                "released to project",
                "draft",
                "deleted"
            ],
            "lookup" : 55
        },
        "name": {
            "title": "Path Name",
            "comment": "Unique route/pathname of this page.",
            "type": "string",
            "lookup" : 40
        },
        "title": {
            "title": "Title",
            "comment": "Title for the Page",
            "type": "string",
            "lookup" : 50
        },
        "description": {
            "title": "Description",
            "description" : "Internal description of page.",
            "type": "string",
            "lookup" : 85
        },
        "table-of-contents": {
            "title": "Table of Contents",
            "type": "object",
            "additionalProperties": true,
            "properties": {
                "enabled" : {
                    "title": "Enabled",
                    "description": "Enable the table of contents or not. Defaults to false.",
                    "type": "boolean",
                    "default": false
                },
                "header-depth": {
                    "title": "Header Depth",
                    "description": "Maximum depth for table of contents titles, 1-6",
                    "type": "integer",
                    "default" : 4
                },
                "list-styles": {
                    "title": "List Styles",
                    "description": "CSS list styles used for <li> elements.",
                    "type": "array",
                    "items": {
                        "type": "string"
                    }
                }
            },
            "default" : {
                "enabled" : false,
                "include-top-link" : false,
                "skip-depth" : 1,
                "header-depth" : 4
            }
        },
        "content": {
            "title": "Content Sections",
            "description": "Sections used to compose the static page",
            "type": "array",
            "items": {
                "type": "string",
                "linkTo" : "UserContent"
            },
            "lookup" : 70
        },
        "children" : {
            "title": "Child Pages",
            "type": "array",
            "items": {
                "type": "string",
                "linkTo" : "Page"
            },
            "lookup" : 60
        },
        "redirect" : {
            "title" : "Redirect",
            "type" : "object",
            "properties" :{
                "target" : {
                    "title" : "Target",
                    "description": "URL or path to redirect to.",
                    "type" : "string"
                },
                "enabled" : {
                    "title" : "Redirect Enabled",
                    "type" : "boolean",
                    "default" : false
                },
                "code" : {
                    "title" : "Response Code",
                    "description" : "Code returned by response.",
                    "comment" : "See https://en.wikipedia.org/wiki/List_of_HTTP_status_codes#3xx_Redirection",
                    "type" : "integer",
                    "default" : 307,
                    "enum" : [301, 302, 303, 307]
                }
            },
            "lookup" : 80
        }
    },
    "columns" : {
        "name" : {
            "title" : "Path Name"
        }
    },
    "excludedColumns" : ["institution.display_title"]
}
