{
    "title": "SysInfo",
    "description": "Schema for internal use",
    "id": "/profiles/sysinfo.json",
    "$schema": "http://json-schema.org/draft-04/schema#",
    "type": "object",
    "required": ["name"],
    "identifyingProperties": ["uuid", "name", "aliases"],
    "additionalProperties": true,
    "mixinProperties": [
        { "$ref": "mixins.json#/schema_version" },
        { "$ref": "mixins.json#/uuid" },
        { "$ref": "mixins.json#/submitted" },
        { "$ref": "mixins.json#/modified" },
        { "$ref": "mixins.json#/status" },
        { "$ref": "mixins.json#/aliases" }
    ],
    "properties": {
        "schema_version": {
            "default": "1"
        },
        "status": {
            "default": "released"
        },
		"name": {
			"tile": "Name",
			"description": "some name",
            "type": "string",
            "uniqueKey": true
		}
    }
}
