{
  "source": "./src/encoded/static/components",
  "index" : "./src/encoded/static/components/README.md",
  "destination": "./docs/javascript-reference",
  "excludes" : ["testdata/*"],
  "plugins": [
    {
      "name": "esdoc-standard-plugin",
      "option" : {
        "lint" : { "enable" : true },
        "coverage" : { "enable" : true },
        "accessor": {"access": ["public", "protected", "private"], "autoPrivate": false },
        "typeInference": {"enable": true},
        "undocumentIdentifier" : { "enable" : false },
        "unexportIdentifier" : { "enable" : true },
        "brand" : {
          "logo" : "./src/encoded/static/img/4dn-logo-raster.png",
          "image" : "https://data.4dnucleome.org/static/img/4dn-logo-raster.png",
          "title" : "4DN Data Portal Front-End Reference",
          "repository": "https://github.com/4dn-dcic/fourfront",
          "site" : "https://data.4dnucleome.org",
          "description" : "ECMAScript & React Component reference for the 4DN Data Portal",
          "author": "http://dcic.4dnucleome.org/"
        }
      }
    },
    { "name": "esdoc-react-plugin", "option": { "enable": true } },
    { "name": "esdoc-jsx-plugin", "option": { "enable": true } },
    { "name": "esdoc-external-nodejs-plugin", "option": { "enable": false } },
    { "name": "esdoc-unexported-identifier-plugin", "option": { "enable": true } },
    { "name": "esdoc-undocumented-identifier-plugin", "option": { "enable": false } },
    { "name": "esdoc-lint-plugin", "option": { "enable": true } },
    {
      "name": "esdoc-ecmascript-proposal-plugin",
      "option": {
        "classProperties": true,
        "doExpressions": true,
        "functionBind": true,
        "objectRestSpread": true,
        "functionSent": true,
        "asyncGenerators": true,
        "decorators": true,
        "exportExtensions": true,
        "dynamicImport": true
      }
    }
  ]
}
